<?xml version="1.0"?>
<!--
/**
 * Magestore
 * 
 * NOTICE OF LICENSE
 * 
 * This source file is subject to the Magestore.com license that is
 * available through the world-wide-web at this URL:
 * http://www.magestore.com/license-agreement.html
 * 
 * DISCLAIMER
 * 
 * Do not edit or add to this file if you wish to upgrade this extension to newer
 * version in the future.
 * 
 * @category    Magestore
 * @package     Magestore_Customercredit
 * @copyright   Copyright (c) 2012 Magestore (http://www.magestore.com/)
 * @license     http://www.magestore.com/license-agreement.html
 */
-->
<config>
    <tabs>
        <magestore translate="label">
            <label>Magestore Extension</label>
            <sort_order>400</sort_order>
        </magestore>
    </tabs>
    <sections>
        <customercredit translate="label" module="customercredit">
            <class>separator-top</class>
            <label>Store Credit</label>
            <tab>magestore</tab>
            <frontend_type>text</frontend_type>
            <sort_order>299</sort_order>
            <show_in_default>1</show_in_default>
            <show_in_website>1</show_in_website>
            <show_in_store>1</show_in_store>
            <groups>
                <general translate="label">
                    <label>General Configuration</label>
                    <frontend_type>text</frontend_type>
                    <sort_order>1</sort_order>
                    <show_in_default>1</show_in_default>
                    <show_in_website>1</show_in_website>
                    <show_in_store>1</show_in_store>
                    <fields>        
                        <enable translate="label">
                            <label>Enable</label>
                            <frontend_type>select</frontend_type>
                            <sort_order>1</sort_order>
                            <source_model>adminhtml/system_config_source_yesno</source_model>
                            <show_in_default>1</show_in_default>
                            <show_in_website>1</show_in_website>
                            <show_in_store>1</show_in_store>
                            <comment></comment>
                        </enable>
                        <enable_send_credit translate="label">
                            <label>Allow sending credit</label>
                            <frontend_type>select</frontend_type>
                            <sort_order>2</sort_order>
                            <source_model>adminhtml/system_config_source_yesno</source_model>
                            <show_in_default>1</show_in_default>
                            <show_in_website>1</show_in_website>
                            <show_in_store>1</show_in_store>
                            <comment></comment>
                        </enable_send_credit>
                        <validate translate="label">
                            <label>Verify before sending credit </label>
                            <frontend_type>select</frontend_type>
                            <sort_order>3</sort_order>
                            <source_model>adminhtml/system_config_source_yesno</source_model>
                            <show_in_default>1</show_in_default>
                            <show_in_website>1</show_in_website>
                            <show_in_store>1</show_in_store>
                            <comment>
                                <![CDATA[
                                    <script type="text/javascript">
                                        if($("customercredit_general_enable_send_credit").value == 1){
                                            $('customercredit_general_validate').up().up().show();
                                        }else{
                                            $('customercredit_general_validate').up().up().hide();    
                                        }
                                        Event.observe($("customercredit_general_enable_send_credit"),'change',
                                             function(){var showValidate = $("customercredit_general_enable_send_credit").value; 
                                                    if (showValidate==1) {
                                                        $('customercredit_general_validate').up().up().show();                                                                              
                                                        }
                                                    else{
                                                        $('customercredit_general_validate').up().up().hide();
                                                        } 
                                             }
                                        )
                                     </script>
                                     ]]>
                            
                            </comment>
                        </validate>
                        <assign_credit translate="label">
                            <label>Groups can use credit </label>
                            <frontend_type>multiselect</frontend_type>                                                        
                            <source_model>customercredit/customergroup</source_model>
                            <sort_order>4</sort_order>							
                            <show_in_default>1</show_in_default>
                            <show_in_website>1</show_in_website>
                            <show_in_store>1</show_in_store>
                            <comment></comment>
                        </assign_credit>	      
                    </fields>
                </general>
                <report translate="label">
                    <label>Adjust time for Customer Credit reports on total used and total received credit</label>
                    <frontend_type>text</frontend_type>
                    <sort_order>100</sort_order>
                    <show_in_default>1</show_in_default>
                    <show_in_website>1</show_in_website>
                    <show_in_store>1</show_in_store>
                    <fields>
                        <ytd_start translate="label">
                            <label>Select start time for current year </label>
                            <frontend_type>select</frontend_type>
                            <frontend_model>adminhtml/report_config_form_field_ytdStart</frontend_model>
                            <comment>Start date and month of the year to report  <![CDATA[ <b>used credit </b> and <b>received credit.</b>]]>.</comment>
                            <sort_order>10</sort_order>
                            <show_in_default>1</show_in_default>
                            <show_in_website>0</show_in_website>
                            <show_in_store>0</show_in_store>
                        </ytd_start>
                        <mtd_start translate="label comment">
                            <label>Select start date for current month</label>
                            <frontend_type>select</frontend_type>
                            <frontend_model>adminhtml/report_config_form_field_mtdStart</frontend_model>
                            <comment>Start date of the month to report  <![CDATA[ <b> used credit </b> and <b> received credit</b>]]>.</comment>
                            <sort_order>20</sort_order>
                            <show_in_default>1</show_in_default>
                            <show_in_website>0</show_in_website>
                            <show_in_store>0</show_in_store>
                        </mtd_start>
                    </fields>
                </report>
                <spend translate="label">
                    <label>Spend Credit On</label>
                    <frontend_type>text</frontend_type>
                    <sort_order>7</sort_order>
                    <show_in_default>1</show_in_default>
                    <show_in_website>1</show_in_website>
                    <show_in_store>0</show_in_store>
                    <fields>
                        <tax translate="label">
                            <label>Apply Customer Credit</label>
                            <frontend_type>select</frontend_type>
                            <source_model>customercredit/aftertax</source_model>
                            <sort_order>10</sort_order>
                            <show_in_default>1</show_in_default>
                            <show_in_website>1</show_in_website>
                            <show_in_store>0</show_in_store>
                        </tax>
                        <shipping translate="label">
                            <label>Shipping Fee</label>
                            <frontend_type>select</frontend_type>
                            <source_model>adminhtml/system_config_source_yesno</source_model>
                            <sort_order>20</sort_order>
                            <show_in_default>1</show_in_default>
                            <show_in_website>1</show_in_website>
                            <show_in_store>0</show_in_store>
                            <comment>Choose Yes if you allow using customer credit for Shipping Fee.</comment>
                        </shipping>
                    </fields>
                </spend>
                <email translate="label">
                    <label>Email Configuration</label>
                    <frontend_type>text</frontend_type>
                    <sort_order>30</sort_order>
                    <show_in_default>1</show_in_default>
                    <show_in_website>1</show_in_website>
                    <show_in_store>1</show_in_store>
                    <fields>
                        <creditcode transaction="label">
                            <label>Email template with credit code sent to recipients</label>
                            <frontend_type>select</frontend_type>
                            <sort_order>50</sort_order>
                            <source_model>adminhtml/system_config_source_email_template</source_model>
                            <show_in_default>1</show_in_default>
                            <show_in_website>1</show_in_website>
                            <show_in_store>1</show_in_store>
                        </creditcode>
                        <verify transaction="label">
                            <label>Email template with verification code sent to credit sender</label>
                            <frontend_type>select</frontend_type>
                            <sort_order>70</sort_order>
                            <source_model>adminhtml/system_config_source_email_template</source_model>
                            <show_in_default>1</show_in_default>
                            <show_in_website>1</show_in_website>
                            <show_in_store>1</show_in_store>
                        </verify>
                        <notify transaction="label">
                            <label>Email template notifying customers</label>
                            <frontend_type>select</frontend_type>
                            <sort_order>90</sort_order>
                            <source_model>adminhtml/system_config_source_email_template</source_model>
                            <show_in_default>1</show_in_default>
                            <show_in_website>1</show_in_website>
                            <show_in_store>1</show_in_store>
                        </notify>
                        <notify_success translate="label">
                            <label>Send-to-customer email template when recipient receives credit</label>
                            <frontend_type>select</frontend_type>
                            <source_model>adminhtml/system_config_source_email_template</source_model>
                            <sort_order>70</sort_order>
                            <show_in_default>1</show_in_default>
                            <show_in_website>1</show_in_website>
                            <show_in_store>1</show_in_store>
                        </notify_success>
                    </fields>
                </email>
                <style_management translate="label">
                    <label>Style Configuration</label>
                    <frontend_type>text</frontend_type>
                    <sort_order>300</sort_order>
                    <show_in_default>1</show_in_default>
                    <show_in_website>1</show_in_website>
                    <show_in_store>0</show_in_store>
                    <fields>
                        <background_title translate="label">
                            <label>Background of Title</label>
                            <frontend_type>text</frontend_type>     
                            <validate>color</validate>              
                            <sort_order>2</sort_order>
                            <show_in_default>1</show_in_default>
                            <show_in_website>1</show_in_website>
                            <show_in_store>1</show_in_store>
                            <comment>Default is 1E4075</comment>
                        </background_title>
                        <color_title translate="label">
                            <label>Color of Title</label>
                            <frontend_type>text</frontend_type>     
                            <validate>color</validate>              
                            <sort_order>3</sort_order>
                            <show_in_default>1</show_in_default>
                            <show_in_website>1</show_in_website>
                            <show_in_store>1</show_in_store>
                            <comment>Default is FFFFFF</comment>
                        </color_title>                        
                    </fields>        
                </style_management>
            </groups>
        </customercredit>
    </sections>
</config>