<?xml version="1.0"?>
<config>
    <acl>
        <resources>
            <all>
                <title>Allow Everything</title>
            </all>
            <admin>
                <children>
                    <system>
                        <children>
                            <config>
                                <children>
                                    <awshopbybrand>
                                        <title>aheadWorks - Shop By Brand</title>
                                    </awshopbybrand>
                                </children>
                            </config>
                        </children>
                    </system>
                </children>
                <children>
                    <catalog>
                        <children>
                            <awshopbybrand module="awshopbybrand">
                                <title>Shop By Brand</title>
                                <sort_order>71</sort_order>
                                <children>
                                    <sbb_product_tab module="awshopbybrand">
                                        <title>Shop By Brand Product Tab</title>
                                        <sort_order>1</sort_order>
                                    </sbb_product_tab>
                                    <items module="awshopbybrand">
                                        <title>Manage Brands</title>
                                        <sort_order>2</sort_order>
                                        <action>adminhtml/awshopbybrand_brand/index</action>
                                    </items>
                                    <settings module="awshopbybrand">
                                        <title>Settings</title>
                                        <sort_order>3</sort_order>
                                        <action>adminhtml/system_config/edit/section/awshopbybrand</action>
                                    </settings>
                                </children>
                            </awshopbybrand>
                        </children>
                    </catalog>
                </children>
            </admin>
        </resources>
    </acl>
    <menu>
        <catalog>
            <children>
                <awshopbybrand module="awshopbybrand">
                    <title>Shop By Brand</title>
                    <sort_order>71</sort_order>
                    <children>
                        <items module="awshopbybrand">
                            <title>Manage Brands</title>
                            <sort_order>1</sort_order>
                            <action>adminhtml/awshopbybrand_brand/index</action>
                        </items>
                        <settings module="awshopbybrand">
                            <title>Settings</title>
                            <sort_order>2</sort_order>
                            <action>adminhtml/system_config/edit/section/awshopbybrand</action>
                        </settings>
                    </children>
                </awshopbybrand>
            </children>
        </catalog>
    </menu>
</config>